date,time,location,method,rep,point,grasses,goldenrod,milkweed,ragweed,BFtrefoil,woodsorrel
19/09/2026,early am,Curtis big field,Q,Q1,NA,90,5,0,0,0,0
19/09/2026,early am,Curtis big field,PIT,T1,1,1,0,0,0,0,0
19/09/2026,early am,Curtis big field,PIT,T1,2,1,1,0,0,0,0
19/09/2026,early am,Curtis big field,PIT,T1,3,1,1,0,0,0,0
19/09/2026,early am,Curtis big field,PIT,T1,4,1,1,0,0,0,0
19/09/2026,early am,Curtis big field,PIT,T1,5,1,1,0,0,0,0
19/09/2026,early am,Curtis big field,PIT,T1,6,1,0,0,0,0,0
19/09/2026,early am,Curtis big field,PIT,T1,7,1,0,0,0,0,0
19/09/2026,early am,Curtis big field,PIT,T1,8,1,0,0,0,0,0
19/09/2026,early am,Curtis big field,PIT,T1,9,1,1,0,0,0,0
19/09/2026,early am,Curtis big field,PIT,T1,10,1,1,0,0,0,0
19/09/2026,early am,Curtis big field,PIT,T1,11,1,0,0,0,0,0
19/09/2026,early am,Curtis big field,PIT,T1,12,1,1,0,0,0,0
19/09/2026,early am,Curtis big field,PIT,T1,13,1,1,0,0,0,0
19/09/2026,early am,Curtis big field,PIT,T1,14,1,0,0,0,0,0
19/09/2026,early am,Curtis big field,PIT,T1,15,1,0,0,0,0,0
19/09/2026,early am,Curtis big field,PIT,T1,16,1,0,0,0,0,0
19/09/2026,early am,Curtis big field,PIT,T1,17,1,1,0,0,0,0
19/09/2026,early am,Curtis big field,PIT,T1,18,1,1,0,0,0,0
19/09/2026,early am,Curtis big field,PIT,T1,19,1,0,0,0,0,0
19/09/2026,early am,Curtis big field,PIT,T1,20,1,0,0,0,0,0
19/09/2026,early am,Curtis big field,Q,Q2,NA,95,0,0,0,0,0
19/09/2026,early am,Curtis big field,PIT,T2,1,1,0,0,0,0,0
19/09/2026,early am,Curtis big field,PIT,T2,2,1,0,0,0,0,0
19/09/2026,early am,Curtis big field,PIT,T2,3,1,0,0,0,0,0
19/09/2026,early am,Curtis big field,PIT,T2,4,1,0,0,0,0,0
19/09/2026,early am,Curtis big field,PIT,T2,5,1,1,0,0,0,0
19/09/2026,early am,Curtis big field,PIT,T2,6,1,0,0,0,0,0
19/09/2026,early am,Curtis big field,PIT,T2,7,1,0,0,0,0,0
19/09/2026,early am,Curtis big field,PIT,T2,8,1,0,0,0,0,0
19/09/2026,early am,Curtis big field,PIT,T2,9,1,0,1,0,0,0
19/09/2026,early am,Curtis big field,PIT,T2,10,1,0,0,0,0,0
19/09/2026,early am,Curtis big field,PIT,T2,11,1,0,0,0,0,0
19/09/2026,early am,Curtis big field,PIT,T2,12,1,0,0,0,0,0
19/09/2026,early am,Curtis big field,PIT,T2,13,1,0,0,0,0,0
19/09/2026,early am,Curtis big field,PIT,T2,14,1,0,0,0,0,0
19/09/2026,early am,Curtis big field,PIT,T2,15,1,0,0,0,0,0
19/09/2026,early am,Curtis big field,PIT,T2,16,1,0,0,0,0,0
19/09/2026,early am,Curtis big field,PIT,T2,17,1,0,0,0,0,0
19/09/2026,early am,Curtis big field,PIT,T2,18,1,0,0,0,0,0
19/09/2026,early am,Curtis big field,PIT,T2,19,1,0,0,0,0,0
19/09/2026,early am,Curtis big field,PIT,T2,20,1,0,0,0,0,0
19/09/2026,early am,Curtis big field,Q,Q3,NA,90,0,0,0,0,0
19/09/2026,early am,Curtis big field,PIT,T3,1,1,0,0,0,0,0
19/09/2026,early am,Curtis big field,PIT,T3,2,1,0,0,0,0,0
19/09/2026,early am,Curtis big field,PIT,T3,3,1,0,0,0,0,0
19/09/2026,early am,Curtis big field,PIT,T3,4,1,0,0,0,0,0
19/09/2026,early am,Curtis big field,PIT,T3,5,1,0,0,0,0,0
19/09/2026,early am,Curtis big field,PIT,T3,6,1,0,0,0,0,0
19/09/2026,early am,Curtis big field,PIT,T3,7,1,0,0,0,0,0
19/09/2026,early am,Curtis big field,PIT,T3,8,1,0,0,0,0,0
19/09/2026,early am,Curtis big field,PIT,T3,9,1,0,0,0,0,0
19/09/2026,early am,Curtis big field,PIT,T3,10,1,0,0,0,0,0
19/09/2026,early am,Curtis big field,PIT,T3,11,1,0,0,0,0,0
19/09/2026,early am,Curtis big field,PIT,T3,12,1,0,0,0,0,0
19/09/2026,early am,Curtis big field,PIT,T3,13,1,0,0,0,0,0
19/09/2026,early am,Curtis big field,PIT,T3,14,1,0,0,0,0,0
19/09/2026,early am,Curtis big field,PIT,T3,15,1,0,0,0,0,0
19/09/2026,early am,Curtis big field,PIT,T3,16,1,0,0,0,0,0
19/09/2026,early am,Curtis big field,PIT,T3,17,1,0,0,0,0,0
19/09/2026,early am,Curtis big field,PIT,T3,18,1,0,0,0,0,0
19/09/2026,early am,Curtis big field,PIT,T3,19,1,0,0,0,0,0
19/09/2026,early am,Curtis big field,PIT,T3,20,1,0,0,0,0,0
19/09/2026,early am,Curtis big field,Q,Q4,NA,73,20,0,0,0,7
19/09/2026,early am,Curtis big field,PIT,T4,1,1,0,0,0,0,0
19/09/2026,early am,Curtis big field,PIT,T4,2,1,1,0,0,0,0
19/09/2026,early am,Curtis big field,PIT,T4,3,1,0,0,0,0,1
19/09/2026,early am,Curtis big field,PIT,T4,4,1,0,0,0,0,0
19/09/2026,early am,Curtis big field,PIT,T4,5,1,1,0,0,0,1
19/09/2026,early am,Curtis big field,PIT,T4,6,1,0,0,0,0,0
19/09/2026,early am,Curtis big field,PIT,T4,7,1,0,0,0,0,0
19/09/2026,early am,Curtis big field,PIT,T4,8,1,0,0,0,0,0
19/09/2026,early am,Curtis big field,PIT,T4,9,1,1,0,0,0,1
19/09/2026,early am,Curtis big field,PIT,T4,10,1,1,0,0,0,0
19/09/2026,early am,Curtis big field,PIT,T4,11,1,0,0,0,0,0
19/09/2026,early am,Curtis big field,PIT,T4,12,1,0,0,0,0,0
19/09/2026,early am,Curtis big field,PIT,T4,13,1,1,0,0,0,1
19/09/2026,early am,Curtis big field,PIT,T4,14,1,1,0,0,0,0
19/09/2026,early am,Curtis big field,PIT,T4,15,1,0,0,0,0,0
19/09/2026,early am,Curtis big field,PIT,T4,16,1,0,0,0,0,0
19/09/2026,early am,Curtis big field,PIT,T4,17,1,1,0,0,0,0
19/09/2026,early am,Curtis big field,PIT,T4,18,1,0,0,0,0,0
19/09/2026,early am,Curtis big field,PIT,T4,19,1,0,0,0,0,0
19/09/2026,early am,Curtis big field,PIT,T4,20,1,0,0,0,0,0
19/09/2026,late am,Curtis big field,Q,Q5,NA,95,15,0,0,0,0
19/09/2026,late am,Curtis big field,PIT,T5,1,1,0,0,0,0,0
19/09/2026,late am,Curtis big field,PIT,T5,2,1,0,0,0,0,0
19/09/2026,late am,Curtis big field,PIT,T5,3,1,0,0,0,0,0
19/09/2026,late am,Curtis big field,PIT,T5,4,1,0,0,0,0,0
19/09/2026,late am,Curtis big field,PIT,T5,5,1,0,0,0,0,0
19/09/2026,late am,Curtis big field,PIT,T5,6,1,0,0,0,0,0
19/09/2026,late am,Curtis big field,PIT,T5,7,1,0,0,0,0,0
19/09/2026,late am,Curtis big field,PIT,T5,8,1,0,0,0,0,0
19/09/2026,late am,Curtis big field,PIT,T5,9,1,0,0,0,0,0
19/09/2026,late am,Curtis big field,PIT,T5,10,1,0,0,0,0,0
19/09/2026,late am,Curtis big field,PIT,T5,11,1,0,0,0,0,0
19/09/2026,late am,Curtis big field,PIT,T5,12,1,0,0,0,0,0
19/09/2026,late am,Curtis big field,PIT,T5,13,1,0,0,0,0,0
19/09/2026,late am,Curtis big field,PIT,T5,14,1,1,0,0,0,0
19/09/2026,late am,Curtis big field,PIT,T5,15,1,1,0,0,0,0
19/09/2026,late am,Curtis big field,PIT,T5,16,1,0,0,0,0,0
19/09/2026,late am,Curtis big field,PIT,T5,17,1,0,0,0,0,0
19/09/2026,late am,Curtis big field,PIT,T5,18,1,0,0,0,0,0
19/09/2026,late am,Curtis big field,PIT,T5,19,1,0,0,0,0,0
19/09/2026,late am,Curtis big field,PIT,T5,20,1,0,1,0,0,0
19/09/2026,late am,Curtis big field,Q,Q6,NA,95,35,0,0,0,0
19/09/2026,late am,Curtis big field,PIT,T6,1,1,0,0,0,0,0
19/09/2026,late am,Curtis big field,PIT,T6,2,1,1,0,0,0,0
19/09/2026,late am,Curtis big field,PIT,T6,3,1,1,0,0,0,0
19/09/2026,late am,Curtis big field,PIT,T6,4,1,0,0,0,0,0
19/09/2026,late am,Curtis big field,PIT,T6,5,1,0,0,0,0,0
19/09/2026,late am,Curtis big field,PIT,T6,6,1,0,0,0,0,0
19/09/2026,late am,Curtis big field,PIT,T6,7,1,0,0,0,0,0
19/09/2026,late am,Curtis big field,PIT,T6,8,1,0,0,0,0,0
19/09/2026,late am,Curtis big field,PIT,T6,9,1,1,0,0,0,0
19/09/2026,late am,Curtis big field,PIT,T6,10,1,0,0,0,0,0
19/09/2026,late am,Curtis big field,PIT,T6,11,1,0,0,0,0,0
19/09/2026,late am,Curtis big field,PIT,T6,12,1,0,0,0,0,0
19/09/2026,late am,Curtis big field,PIT,T6,13,1,0,0,0,0,0
19/09/2026,late am,Curtis big field,PIT,T6,14,1,1,0,0,0,0
19/09/2026,late am,Curtis big field,PIT,T6,15,1,0,0,0,0,0
19/09/2026,late am,Curtis big field,PIT,T6,16,1,0,0,0,0,0
19/09/2026,late am,Curtis big field,PIT,T6,17,1,0,0,0,0,0
19/09/2026,late am,Curtis big field,PIT,T6,18,1,0,0,0,0,0
19/09/2026,late am,Curtis big field,PIT,T6,19,1,0,0,0,0,0
19/09/2026,late am,Curtis big field,PIT,T6,20,1,0,0,0,0,0
19/09/2026,late am,Curtis big field,Q,Q7,NA,75,2,0,5,0,0
19/09/2026,late am,Curtis big field,PIT,T7,1,1,0,0,0,0,0
19/09/2026,late am,Curtis big field,PIT,T7,2,1,1,0,1,0,0
19/09/2026,late am,Curtis big field,PIT,T7,3,1,0,0,1,0,0
19/09/2026,late am,Curtis big field,PIT,T7,4,1,1,0,1,0,0
19/09/2026,late am,Curtis big field,PIT,T7,5,1,0,0,0,0,0
19/09/2026,late am,Curtis big field,PIT,T7,6,1,0,0,0,0,0
19/09/2026,late am,Curtis big field,PIT,T7,7,1,0,0,0,0,0
19/09/2026,late am,Curtis big field,PIT,T7,8,1,0,0,1,0,0
19/09/2026,late am,Curtis big field,PIT,T7,9,1,0,0,0,0,0
19/09/2026,late am,Curtis big field,PIT,T7,10,1,0,0,1,0,0
19/09/2026,late am,Curtis big field,PIT,T7,11,1,1,0,0,0,0
19/09/2026,late am,Curtis big field,PIT,T7,12,1,0,0,0,0,0
19/09/2026,late am,Curtis big field,PIT,T7,13,1,0,0,0,0,0
19/09/2026,late am,Curtis big field,PIT,T7,14,1,0,0,0,0,0
19/09/2026,late am,Curtis big field,PIT,T7,15,1,0,0,0,0,0
19/09/2026,late am,Curtis big field,PIT,T7,16,1,0,0,1,0,0
19/09/2026,late am,Curtis big field,PIT,T7,17,1,0,0,0,0,0
19/09/2026,late am,Curtis big field,PIT,T7,18,1,0,0,0,0,0
19/09/2026,late am,Curtis big field,PIT,T7,19,1,1,0,0,0,0
19/09/2026,late am,Curtis big field,PIT,T7,20,1,0,0,0,0,0
19/09/2026,late am,Curtis big field,Q,Q8,NA,99,0,0,0,0,1
19/09/2026,late am,Curtis big field,PIT,T8,1,1,0,1,0,0,0
19/09/2026,late am,Curtis big field,PIT,T8,2,1,0,0,0,0,0
19/09/2026,late am,Curtis big field,PIT,T8,3,1,1,0,0,0,0
19/09/2026,late am,Curtis big field,PIT,T8,4,1,0,0,0,0,0
19/09/2026,late am,Curtis big field,PIT,T8,5,1,0,0,0,0,0
19/09/2026,late am,Curtis big field,PIT,T8,6,1,0,0,0,0,0
19/09/2026,late am,Curtis big field,PIT,T8,7,1,1,0,0,0,0
19/09/2026,late am,Curtis big field,PIT,T8,8,1,0,0,0,0,0
19/09/2026,late am,Curtis big field,PIT,T8,9,1,0,0,0,0,0
19/09/2026,late am,Curtis big field,PIT,T8,10,1,0,0,0,0,1
19/09/2026,late am,Curtis big field,PIT,T8,11,1,1,0,0,0,1
19/09/2026,late am,Curtis big field,PIT,T8,12,1,0,0,0,0,0
19/09/2026,late am,Curtis big field,PIT,T8,13,1,0,0,0,0,0
19/09/2026,late am,Curtis big field,PIT,T8,14,1,1,0,0,0,0
19/09/2026,late am,Curtis big field,PIT,T8,15,1,0,0,0,0,0
19/09/2026,late am,Curtis big field,PIT,T8,16,1,0,0,0,0,0
19/09/2026,late am,Curtis big field,PIT,T8,17,1,0,0,0,0,1
19/09/2026,late am,Curtis big field,PIT,T8,18,1,0,0,0,0,1
19/09/2026,late am,Curtis big field,PIT,T8,19,1,0,0,0,0,1
19/09/2026,late am,Curtis big field,PIT,T8,20,1,0,0,0,0,1
19/09/2026,late am,Curtis big field,Q,Q9,NA,100,3,0,0,15,0
19/09/2026,late am,Curtis big field,PIT,T9,1,1,0,0,0,1,0
19/09/2026,late am,Curtis big field,PIT,T9,2,1,0,0,0,1,0
19/09/2026,late am,Curtis big field,PIT,T9,3,1,0,0,0,1,0
19/09/2026,late am,Curtis big field,PIT,T9,4,1,0,0,0,1,0
19/09/2026,late am,Curtis big field,PIT,T9,5,1,0,0,0,1,0
19/09/2026,late am,Curtis big field,PIT,T9,6,1,0,0,0,1,0
19/09/2026,late am,Curtis big field,PIT,T9,7,1,0,0,0,1,0
19/09/2026,late am,Curtis big field,PIT,T9,8,1,0,0,0,1,0
19/09/2026,late am,Curtis big field,PIT,T9,9,1,0,0,0,1,0
19/09/2026,late am,Curtis big field,PIT,T9,10,1,0,0,0,1,0
19/09/2026,late am,Curtis big field,PIT,T9,11,1,1,0,0,1,0
19/09/2026,late am,Curtis big field,PIT,T9,12,1,0,0,0,0,0
19/09/2026,late am,Curtis big field,PIT,T9,13,1,0,0,0,0,0
19/09/2026,late am,Curtis big field,PIT,T9,14,1,0,0,0,0,0
19/09/2026,late am,Curtis big field,PIT,T9,15,1,0,0,0,0,0
19/09/2026,late am,Curtis big field,PIT,T9,16,1,0,0,0,0,0
19/09/2026,late am,Curtis big field,PIT,T9,17,1,0,0,0,0,0
19/09/2026,late am,Curtis big field,PIT,T9,18,1,0,0,0,0,0
19/09/2026,late am,Curtis big field,PIT,T9,19,1,0,0,0,0,0
19/09/2026,late am,Curtis big field,PIT,T9,20,1,1,0,0,0,0
19/09/2026,late am,Curtis big field,Q,Q10,NA,100,0,0,1,5,0
19/09/2026,late am,Curtis big field,PIT,T10,1,1,0,0,0,0,0
19/09/2026,late am,Curtis big field,PIT,T10,2,1,0,0,0,0,0
19/09/2026,late am,Curtis big field,PIT,T10,3,1,0,0,0,0,0
19/09/2026,late am,Curtis big field,PIT,T10,4,1,0,0,0,0,0
19/09/2026,late am,Curtis big field,PIT,T10,5,1,0,0,0,0,0
19/09/2026,late am,Curtis big field,PIT,T10,6,1,0,0,0,0,0
19/09/2026,late am,Curtis big field,PIT,T10,7,1,0,0,0,0,0
19/09/2026,late am,Curtis big field,PIT,T10,8,1,0,0,0,0,0
19/09/2026,late am,Curtis big field,PIT,T10,9,1,0,0,0,0,0
19/09/2026,late am,Curtis big field,PIT,T10,10,1,0,0,0,0,0
19/09/2026,late am,Curtis big field,PIT,T10,11,1,0,0,0,0,0
19/09/2026,late am,Curtis big field,PIT,T10,12,1,0,0,0,0,0
19/09/2026,late am,Curtis big field,PIT,T10,13,1,0,0,0,1,0
19/09/2026,late am,Curtis big field,PIT,T10,14,1,0,0,0,1,0
19/09/2026,late am,Curtis big field,PIT,T10,15,1,0,0,0,1,0
19/09/2026,late am,Curtis big field,PIT,T10,16,1,0,0,0,1,0
19/09/2026,late am,Curtis big field,PIT,T10,17,1,0,0,0,0,0
19/09/2026,late am,Curtis big field,PIT,T10,18,1,0,0,0,0,0
19/09/2026,late am,Curtis big field,PIT,T10,19,1,0,0,0,0,0
19/09/2026,late am,Curtis big field,PIT,T10,20,1,0,0,0,0,0
19/09/2026,early pm,Curtis big field,Q,Q11,NA,100,29,0,0,0,0
19/09/2026,early pm,Curtis big field,PIT,T11,1,1,1,0,0,0,0
19/09/2026,early pm,Curtis big field,PIT,T11,2,1,0,0,0,0,0
19/09/2026,early pm,Curtis big field,PIT,T11,3,1,0,1,0,0,0
19/09/2026,early pm,Curtis big field,PIT,T11,4,1,1,1,0,0,0
19/09/2026,early pm,Curtis big field,PIT,T11,5,1,1,0,0,1,0
19/09/2026,early pm,Curtis big field,PIT,T11,6,1,1,1,0,1,0
19/09/2026,early pm,Curtis big field,PIT,T11,7,1,1,0,0,1,0
19/09/2026,early pm,Curtis big field,PIT,T11,8,1,1,0,0,1,0
19/09/2026,early pm,Curtis big field,PIT,T11,9,1,1,0,0,0,1
19/09/2026,early pm,Curtis big field,PIT,T11,10,1,1,0,0,1,0
19/09/2026,early pm,Curtis big field,PIT,T11,11,1,0,0,0,0,0
19/09/2026,early pm,Curtis big field,PIT,T11,12,1,0,0,0,0,0
19/09/2026,early pm,Curtis big field,PIT,T11,13,1,0,0,0,1,0
19/09/2026,early pm,Curtis big field,PIT,T11,14,1,1,0,0,0,0
19/09/2026,early pm,Curtis big field,PIT,T11,15,1,1,0,0,0,0
19/09/2026,early pm,Curtis big field,PIT,T11,16,1,1,0,0,1,0
19/09/2026,early pm,Curtis big field,PIT,T11,17,1,0,0,0,0,1
19/09/2026,early pm,Curtis big field,PIT,T11,18,1,0,0,0,0,0
19/09/2026,early pm,Curtis big field,PIT,T11,19,1,0,1,0,0,0
19/09/2026,early pm,Curtis big field,PIT,T11,20,1,1,0,0,0,1
19/09/2026,early pm,Curtis big field,Q,Q12,NA,95,20,0,0,0,0
19/09/2026,early pm,Curtis big field,PIT,T12,1,1,0,0,0,0,0
19/09/2026,early pm,Curtis big field,PIT,T12,2,1,0,0,0,0,1
19/09/2026,early pm,Curtis big field,PIT,T12,3,1,0,0,0,0,0
19/09/2026,early pm,Curtis big field,PIT,T12,4,1,0,0,0,0,0
19/09/2026,early pm,Curtis big field,PIT,T12,5,1,0,0,0,0,0
19/09/2026,early pm,Curtis big field,PIT,T12,6,1,0,0,0,0,0
19/09/2026,early pm,Curtis big field,PIT,T12,7,1,0,0,0,0,0
19/09/2026,early pm,Curtis big field,PIT,T12,8,1,1,0,0,0,0
19/09/2026,early pm,Curtis big field,PIT,T12,9,1,0,0,1,0,0
19/09/2026,early pm,Curtis big field,PIT,T12,10,1,1,0,0,0,1
19/09/2026,early pm,Curtis big field,PIT,T12,11,1,0,0,0,0,0
19/09/2026,early pm,Curtis big field,PIT,T12,12,1,0,0,0,0,0
19/09/2026,early pm,Curtis big field,PIT,T12,13,1,1,0,0,0,1
19/09/2026,early pm,Curtis big field,PIT,T12,14,1,1,0,0,0,0
19/09/2026,early pm,Curtis big field,PIT,T12,15,1,1,0,0,0,0
19/09/2026,early pm,Curtis big field,PIT,T12,16,1,0,0,0,0,0
19/09/2026,early pm,Curtis big field,PIT,T12,17,1,0,0,0,0,0
19/09/2026,early pm,Curtis big field,PIT,T12,18,1,0,0,0,0,0
19/09/2026,early pm,Curtis big field,PIT,T12,19,1,0,0,0,0,0
19/09/2026,early pm,Curtis big field,PIT,T12,20,1,1,0,0,0,0
19/09/2026,early pm,Curtis big field,Q,Q13,NA,80,30,0,0,0,5
19/09/2026,early pm,Curtis big field,PIT,T13,1,1,0,0,0,0,0
19/09/2026,early pm,Curtis big field,PIT,T13,2,1,1,0,0,0,0
19/09/2026,early pm,Curtis big field,PIT,T13,3,1,1,0,0,0,0
19/09/2026,early pm,Curtis big field,PIT,T13,4,1,0,0,0,0,0
19/09/2026,early pm,Curtis big field,PIT,T13,5,1,1,0,0,0,0
19/09/2026,early pm,Curtis big field,PIT,T13,6,1,1,0,0,0,0
19/09/2026,early pm,Curtis big field,PIT,T13,7,1,0,0,0,0,0
19/09/2026,early pm,Curtis big field,PIT,T13,8,1,1,0,0,0,0
19/09/2026,early pm,Curtis big field,PIT,T13,9,1,1,0,0,0,0
19/09/2026,early pm,Curtis big field,PIT,T13,10,1,1,0,0,0,0
19/09/2026,early pm,Curtis big field,PIT,T13,11,1,0,0,0,0,0
19/09/2026,early pm,Curtis big field,PIT,T13,12,1,0,0,0,0,0
19/09/2026,early pm,Curtis big field,PIT,T13,13,1,1,0,0,0,0
19/09/2026,early pm,Curtis big field,PIT,T13,14,1,0,0,0,0,0
19/09/2026,early pm,Curtis big field,PIT,T13,15,1,1,0,0,0,0
19/09/2026,early pm,Curtis big field,PIT,T13,16,1,1,0,0,0,0
19/09/2026,early pm,Curtis big field,PIT,T13,17,1,0,0,0,0,0
19/09/2026,early pm,Curtis big field,PIT,T13,18,1,0,0,0,0,0
19/09/2026,early pm,Curtis big field,PIT,T13,19,1,1,0,0,0,0
19/09/2026,early pm,Curtis big field,PIT,T13,20,1,1,0,0,0,0
19/09/2026,early pm,Curtis big field,Q,Q14,NA,65,80,0,0,25,0
19/09/2026,early pm,Curtis big field,PIT,T14,1,1,1,0,0,1,0
19/09/2026,early pm,Curtis big field,PIT,T14,2,1,1,0,1,1,0
19/09/2026,early pm,Curtis big field,PIT,T14,3,1,1,0,0,1,0
19/09/2026,early pm,Curtis big field,PIT,T14,4,1,0,0,0,1,0
19/09/2026,early pm,Curtis big field,PIT,T14,5,1,1,0,0,1,0
19/09/2026,early pm,Curtis big field,PIT,T14,6,1,1,0,1,0,0
19/09/2026,early pm,Curtis big field,PIT,T14,7,1,0,0,0,1,1
19/09/2026,early pm,Curtis big field,PIT,T14,8,1,0,0,0,0,0
19/09/2026,early pm,Curtis big field,PIT,T14,9,1,0,0,0,1,0
19/09/2026,early pm,Curtis big field,PIT,T14,10,1,0,0,0,1,0
19/09/2026,early pm,Curtis big field,PIT,T14,11,1,0,0,0,0,1
19/09/2026,early pm,Curtis big field,PIT,T14,12,1,0,0,0,0,1
19/09/2026,early pm,Curtis big field,PIT,T14,13,1,1,0,0,0,0
19/09/2026,early pm,Curtis big field,PIT,T14,14,1,0,0,0,0,1
19/09/2026,early pm,Curtis big field,PIT,T14,15,1,0,0,0,0,0
19/09/2026,early pm,Curtis big field,PIT,T14,16,1,1,0,0,0,0
19/09/2026,early pm,Curtis big field,PIT,T14,17,1,1,0,0,0,1
19/09/2026,early pm,Curtis big field,PIT,T14,18,1,1,0,0,1,0
19/09/2026,early pm,Curtis big field,PIT,T14,19,1,1,0,0,0,0
19/09/2026,early pm,Curtis big field,PIT,T14,20,1,1,0,0,0,1
19/09/2026,early pm,Curtis big field,Q,Q15,NA,50,50,0,0,0,0
19/09/2026,early pm,Curtis big field,PIT,T15,1,1,1,0,0,0,0
19/09/2026,early pm,Curtis big field,PIT,T15,2,1,0,0,0,0,0
19/09/2026,early pm,Curtis big field,PIT,T15,3,1,0,0,0,0,0
19/09/2026,early pm,Curtis big field,PIT,T15,4,1,1,0,0,0,0
19/09/2026,early pm,Curtis big field,PIT,T15,5,1,0,0,0,0,0
19/09/2026,early pm,Curtis big field,PIT,T15,6,1,0,0,0,0,0
19/09/2026,early pm,Curtis big field,PIT,T15,7,1,0,0,0,0,0
19/09/2026,early pm,Curtis big field,PIT,T15,8,1,0,0,0,0,0
19/09/2026,early pm,Curtis big field,PIT,T15,9,1,0,0,0,0,0
19/09/2026,early pm,Curtis big field,PIT,T15,10,1,0,0,0,0,0
19/09/2026,early pm,Curtis big field,PIT,T15,11,1,1,0,0,0,0
19/09/2026,early pm,Curtis big field,PIT,T15,12,1,0,0,0,0,0
19/09/2026,early pm,Curtis big field,PIT,T15,13,1,1,0,0,0,0
19/09/2026,early pm,Curtis big field,PIT,T15,14,1,0,0,0,0,0
19/09/2026,early pm,Curtis big field,PIT,T15,15,1,0,0,0,0,0
19/09/2026,early pm,Curtis big field,PIT,T15,16,1,0,0,0,0,0
19/09/2026,early pm,Curtis big field,PIT,T15,17,1,1,0,0,0,0
19/09/2026,early pm,Curtis big field,PIT,T15,18,1,1,0,0,0,0
19/09/2026,early pm,Curtis big field,PIT,T15,19,1,0,0,0,0,0
19/09/2026,early pm,Curtis big field,PIT,T15,20,1,0,0,0,0,0
19/09/2026,late pm,Curtis big field,Q,Q16,NA,90,0,0,0,0,0
19/09/2026,late pm,Curtis big field,PIT,T16,1,1,0,0,0,0,0
19/09/2026,late pm,Curtis big field,PIT,T16,2,1,0,0,0,0,0
19/09/2026,late pm,Curtis big field,PIT,T16,3,1,0,1,0,0,0
19/09/2026,late pm,Curtis big field,PIT,T16,4,1,0,0,0,0,0
19/09/2026,late pm,Curtis big field,PIT,T16,5,1,0,1,0,0,0
19/09/2026,late pm,Curtis big field,PIT,T16,6,1,0,0,0,0,0
19/09/2026,late pm,Curtis big field,PIT,T16,7,1,0,0,0,0,0
19/09/2026,late pm,Curtis big field,PIT,T16,8,1,1,0,0,0,0
19/09/2026,late pm,Curtis big field,PIT,T16,9,1,0,0,0,0,0
19/09/2026,late pm,Curtis big field,PIT,T16,10,1,0,1,0,0,0
19/09/2026,late pm,Curtis big field,PIT,T16,11,1,0,0,0,0,0
19/09/2026,late pm,Curtis big field,PIT,T16,12,1,0,0,0,0,0
19/09/2026,late pm,Curtis big field,PIT,T16,13,1,0,0,0,0,0
19/09/2026,late pm,Curtis big field,PIT,T16,14,1,0,0,0,0,0
19/09/2026,late pm,Curtis big field,PIT,T16,15,1,0,0,0,0,0
19/09/2026,late pm,Curtis big field,PIT,T16,16,1,0,0,0,0,0
19/09/2026,late pm,Curtis big field,PIT,T16,17,1,0,0,0,0,0
19/09/2026,late pm,Curtis big field,PIT,T16,18,1,0,0,0,0,0
19/09/2026,late pm,Curtis big field,PIT,T16,19,1,0,0,0,0,0
19/09/2026,late pm,Curtis big field,PIT,T16,20,1,0,0,0,0,0
19/09/2026,late pm,Curtis big field,Q,Q17,NA,98,4,0,0,0,0
19/09/2026,late pm,Curtis big field,PIT,T17,1,1,0,0,0,0,0
19/09/2026,late pm,Curtis big field,PIT,T17,2,1,0,0,0,0,0
19/09/2026,late pm,Curtis big field,PIT,T17,3,1,0,0,0,0,0
19/09/2026,late pm,Curtis big field,PIT,T17,4,1,0,0,0,0,0
19/09/2026,late pm,Curtis big field,PIT,T17,5,1,1,0,0,0,0
19/09/2026,late pm,Curtis big field,PIT,T17,6,1,0,0,0,0,0
19/09/2026,late pm,Curtis big field,PIT,T17,7,1,0,0,0,0,0
19/09/2026,late pm,Curtis big field,PIT,T17,8,1,0,0,0,0,0
19/09/2026,late pm,Curtis big field,PIT,T17,9,1,0,0,0,0,0
19/09/2026,late pm,Curtis big field,PIT,T17,10,1,0,0,0,0,0
19/09/2026,late pm,Curtis big field,PIT,T17,11,1,0,0,0,0,0
19/09/2026,late pm,Curtis big field,PIT,T17,12,1,0,0,0,0,0
19/09/2026,late pm,Curtis big field,PIT,T17,13,1,0,0,0,0,0
19/09/2026,late pm,Curtis big field,PIT,T17,14,1,0,0,0,0,0
19/09/2026,late pm,Curtis big field,PIT,T17,15,1,0,0,0,0,0
19/09/2026,late pm,Curtis big field,PIT,T17,16,1,0,0,0,0,0
19/09/2026,late pm,Curtis big field,PIT,T17,17,1,0,0,0,0,0
19/09/2026,late pm,Curtis big field,PIT,T17,18,1,0,0,0,0,0
19/09/2026,late pm,Curtis big field,PIT,T17,19,1,0,0,0,0,0
19/09/2026,late pm,Curtis big field,PIT,T17,20,1,0,0,0,0,0
19/09/2026,late pm,Curtis big field,Q,Q18,NA,80,50,0,0,0,0
19/09/2026,late pm,Curtis big field,PIT,T18,1,1,0,0,0,0,0
19/09/2026,late pm,Curtis big field,PIT,T18,2,1,1,0,0,0,0
19/09/2026,late pm,Curtis big field,PIT,T18,3,1,0,0,0,0,0
19/09/2026,late pm,Curtis big field,PIT,T18,4,1,0,0,0,0,0
19/09/2026,late pm,Curtis big field,PIT,T18,5,1,1,0,0,0,0
19/09/2026,late pm,Curtis big field,PIT,T18,6,1,0,0,0,0,0
19/09/2026,late pm,Curtis big field,PIT,T18,7,1,0,0,0,0,0
19/09/2026,late pm,Curtis big field,PIT,T18,8,1,1,0,0,0,0
19/09/2026,late pm,Curtis big field,PIT,T18,9,1,0,0,0,0,0
19/09/2026,late pm,Curtis big field,PIT,T18,10,1,1,0,0,0,0
19/09/2026,late pm,Curtis big field,PIT,T18,11,1,0,0,0,0,0
19/09/2026,late pm,Curtis big field,PIT,T18,12,1,0,0,0,0,0
19/09/2026,late pm,Curtis big field,PIT,T18,13,1,0,0,0,0,0
19/09/2026,late pm,Curtis big field,PIT,T18,14,1,0,0,0,0,0
19/09/2026,late pm,Curtis big field,PIT,T18,15,1,0,0,0,0,0
19/09/2026,late pm,Curtis big field,PIT,T18,16,1,0,0,0,0,0
19/09/2026,late pm,Curtis big field,PIT,T18,17,1,0,0,0,0,0
19/09/2026,late pm,Curtis big field,PIT,T18,18,1,0,0,0,0,0
19/09/2026,late pm,Curtis big field,PIT,T18,19,1,0,0,0,0,0
19/09/2026,late pm,Curtis big field,PIT,T18,20,1,0,0,0,0,0
19/09/2026,late pm,Curtis big field,Q,Q19,NA,95,40,0,20,0,0
19/09/2026,late pm,Curtis big field,PIT,T19,1,1,1,0,0,0,0
19/09/2026,late pm,Curtis big field,PIT,T19,2,1,0,0,0,0,0
19/09/2026,late pm,Curtis big field,PIT,T19,3,1,1,0,1,0,0
19/09/2026,late pm,Curtis big field,PIT,T19,4,1,0,0,0,0,0
19/09/2026,late pm,Curtis big field,PIT,T19,5,1,0,0,0,0,0
19/09/2026,late pm,Curtis big field,PIT,T19,6,1,0,0,0,0,0
19/09/2026,late pm,Curtis big field,PIT,T19,7,1,0,0,0,0,0
19/09/2026,late pm,Curtis big field,PIT,T19,8,1,0,0,0,0,0
19/09/2026,late pm,Curtis big field,PIT,T19,9,1,1,0,0,0,0
19/09/2026,late pm,Curtis big field,PIT,T19,10,1,0,0,0,0,0
19/09/2026,late pm,Curtis big field,PIT,T19,11,1,0,0,0,0,0
19/09/2026,late pm,Curtis big field,PIT,T19,12,1,0,0,0,0,0
19/09/2026,late pm,Curtis big field,PIT,T19,13,1,0,0,1,0,0
19/09/2026,late pm,Curtis big field,PIT,T19,14,1,0,0,0,0,0
19/09/2026,late pm,Curtis big field,PIT,T19,15,1,0,0,0,0,0
19/09/2026,late pm,Curtis big field,PIT,T19,16,1,0,0,0,0,0
19/09/2026,late pm,Curtis big field,PIT,T19,17,1,0,0,0,0,0
19/09/2026,late pm,Curtis big field,PIT,T19,18,1,0,0,0,0,0
19/09/2026,late pm,Curtis big field,PIT,T19,19,1,0,0,0,0,0
19/09/2026,late pm,Curtis big field,PIT,T19,20,1,1,0,1,0,0
19/09/2026,late pm,Curtis big field,Q,Q20,NA,95,15,0,0,0,0
19/09/2026,late pm,Curtis big field,PIT,T20,1,1,1,0,0,0,0
19/09/2026,late pm,Curtis big field,PIT,T20,2,1,0,0,0,0,0
19/09/2026,late pm,Curtis big field,PIT,T20,3,1,1,0,0,0,0
19/09/2026,late pm,Curtis big field,PIT,T20,4,1,1,0,0,0,0
19/09/2026,late pm,Curtis big field,PIT,T20,5,1,0,0,0,0,0
19/09/2026,late pm,Curtis big field,PIT,T20,6,1,1,0,0,0,0
19/09/2026,late pm,Curtis big field,PIT,T20,7,1,1,0,0,0,0
19/09/2026,late pm,Curtis big field,PIT,T20,8,1,0,0,0,0,0
19/09/2026,late pm,Curtis big field,PIT,T20,9,1,1,0,0,0,0
19/09/2026,late pm,Curtis big field,PIT,T20,10,1,0,0,0,0,0
19/09/2026,late pm,Curtis big field,PIT,T20,11,1,1,0,0,0,0
19/09/2026,late pm,Curtis big field,PIT,T20,12,1,0,0,0,0,0
19/09/2026,late pm,Curtis big field,PIT,T20,13,1,1,0,0,0,0
19/09/2026,late pm,Curtis big field,PIT,T20,14,1,1,0,0,0,0
19/09/2026,late pm,Curtis big field,PIT,T20,15,1,1,0,0,0,0
19/09/2026,late pm,Curtis big field,PIT,T20,16,1,1,0,0,0,0
19/09/2026,late pm,Curtis big field,PIT,T20,17,1,1,0,0,0,0
19/09/2026,late pm,Curtis big field,PIT,T20,18,1,1,0,0,0,0
19/09/2026,late pm,Curtis big field,PIT,T20,19,1,1,0,0,0,0
19/09/2026,late pm,Curtis big field,PIT,T20,20,1,1,0,0,0,0
20/09/2026,early am,Curtis big field,Q,Q21,NA,80,35,0,0,15,0
20/09/2026,early am,Curtis big field,PIT,T21,1,1,0,0,0,0,0
20/09/2026,early am,Curtis big field,PIT,T21,2,1,0,0,0,0,0
20/09/2026,early am,Curtis big field,PIT,T21,3,1,0,0,0,0,0
20/09/2026,early am,Curtis big field,PIT,T21,4,1,0,0,0,0,0
20/09/2026,early am,Curtis big field,PIT,T21,5,1,1,0,0,1,0
20/09/2026,early am,Curtis big field,PIT,T21,6,1,1,0,0,1,0
20/09/2026,early am,Curtis big field,PIT,T21,7,1,1,0,0,1,0
20/09/2026,early am,Curtis big field,PIT,T21,8,1,1,0,0,1,0
20/09/2026,early am,Curtis big field,PIT,T21,9,1,1,0,0,0,0
20/09/2026,early am,Curtis big field,PIT,T21,10,1,0,0,0,0,0
20/09/2026,early am,Curtis big field,PIT,T21,11,1,0,0,0,0,0
20/09/2026,early am,Curtis big field,PIT,T21,12,1,0,0,0,1,0
20/09/2026,early am,Curtis big field,PIT,T21,13,1,1,0,0,0,0
20/09/2026,early am,Curtis big field,PIT,T21,14,1,0,0,0,1,0
20/09/2026,early am,Curtis big field,PIT,T21,15,1,0,0,0,0,0
20/09/2026,early am,Curtis big field,PIT,T21,16,1,0,0,0,0,0
20/09/2026,early am,Curtis big field,PIT,T21,17,1,0,0,0,1,0
20/09/2026,early am,Curtis big field,PIT,T21,18,1,0,0,0,0,0
20/09/2026,early am,Curtis big field,PIT,T21,19,1,0,0,0,1,0
20/09/2026,early am,Curtis big field,PIT,T21,20,1,0,0,0,0,0
20/09/2026,early am,Curtis big field,Q,Q22,NA,95,15,0,0,0,0
20/09/2026,early am,Curtis big field,PIT,T22,1,1,0,0,0,0,0
20/09/2026,early am,Curtis big field,PIT,T22,2,1,1,0,0,0,0
20/09/2026,early am,Curtis big field,PIT,T22,3,1,1,0,0,0,0
20/09/2026,early am,Curtis big field,PIT,T22,4,1,1,0,0,0,0
20/09/2026,early am,Curtis big field,PIT,T22,5,1,0,0,0,0,0
20/09/2026,early am,Curtis big field,PIT,T22,6,1,1,0,0,0,0
20/09/2026,early am,Curtis big field,PIT,T22,7,1,0,0,0,0,0
20/09/2026,early am,Curtis big field,PIT,T22,8,1,0,0,0,0,0
20/09/2026,early am,Curtis big field,PIT,T22,9,1,1,0,0,0,0
20/09/2026,early am,Curtis big field,PIT,T22,10,1,0,0,0,0,0
20/09/2026,early am,Curtis big field,PIT,T22,11,1,0,0,0,0,0
20/09/2026,early am,Curtis big field,PIT,T22,12,1,0,0,0,0,0
20/09/2026,early am,Curtis big field,PIT,T22,13,1,0,0,0,0,0
20/09/2026,early am,Curtis big field,PIT,T22,14,1,0,0,0,0,0
20/09/2026,early am,Curtis big field,PIT,T22,15,1,0,0,0,0,0
20/09/2026,early am,Curtis big field,PIT,T22,16,1,1,0,0,0,0
20/09/2026,early am,Curtis big field,PIT,T22,17,1,1,0,0,0,0
20/09/2026,early am,Curtis big field,PIT,T22,18,1,1,0,0,0,0
20/09/2026,early am,Curtis big field,PIT,T22,19,1,1,0,0,0,0
20/09/2026,early am,Curtis big field,PIT,T22,20,1,1,0,0,0,0
20/09/2026,early am,Curtis big field,Q,Q23,NA,100,20,11,0,0,0
20/09/2026,early am,Curtis big field,Q,Q24,NA,100,12,0,5,0,0
20/09/2026,early am,Curtis big field,PIT,T23,1,1,0,0,0,0,0
20/09/2026,early am,Curtis big field,PIT,T23,2,1,0,0,0,0,0
20/09/2026,early am,Curtis big field,PIT,T23,3,1,0,0,0,1,0
20/09/2026,early am,Curtis big field,PIT,T23,4,1,0,0,0,0,0
20/09/2026,early am,Curtis big field,PIT,T23,5,1,0,0,0,1,0
20/09/2026,early am,Curtis big field,PIT,T23,6,1,0,0,0,0,0
20/09/2026,early am,Curtis big field,PIT,T23,7,1,0,0,0,1,0
20/09/2026,early am,Curtis big field,PIT,T23,8,1,0,0,0,0,0
20/09/2026,early am,Curtis big field,PIT,T23,9,1,1,0,0,0,0
20/09/2026,early am,Curtis big field,PIT,T23,10,1,0,0,0,0,0
20/09/2026,early am,Curtis big field,PIT,T23,11,1,0,0,0,0,0
20/09/2026,early am,Curtis big field,PIT,T23,12,1,0,0,0,0,0
20/09/2026,early am,Curtis big field,PIT,T23,13,1,0,0,0,0,0
20/09/2026,early am,Curtis big field,PIT,T23,14,1,1,0,0,0,0
20/09/2026,early am,Curtis big field,PIT,T23,15,1,0,0,0,1,0
20/09/2026,early am,Curtis big field,PIT,T23,16,1,0,0,0,0,0
20/09/2026,early am,Curtis big field,PIT,T23,17,1,0,0,0,0,0
20/09/2026,early am,Curtis big field,PIT,T23,18,1,0,0,0,1,0
20/09/2026,early am,Curtis big field,PIT,T23,19,1,0,0,0,0,0
20/09/2026,early am,Curtis big field,PIT,T23,20,1,0,0,0,1,0
20/09/2026,late am,Curtis big field,Q,Q25,NA,100,0,0,0,50,0
20/09/2026,late am,Curtis big field,PIT,T24,1,1,0,0,0,0,0
20/09/2026,late am,Curtis big field,PIT,T24,2,1,0,0,0,0,0
20/09/2026,late am,Curtis big field,PIT,T24,3,1,0,0,0,0,0
20/09/2026,late am,Curtis big field,PIT,T24,4,1,0,0,0,0,0
20/09/2026,late am,Curtis big field,PIT,T24,5,1,0,0,0,0,0
20/09/2026,late am,Curtis big field,PIT,T24,6,1,0,0,0,1,0
20/09/2026,late am,Curtis big field,PIT,T24,7,1,0,0,0,1,0
20/09/2026,late am,Curtis big field,PIT,T24,8,1,0,0,0,0,0
20/09/2026,late am,Curtis big field,PIT,T24,9,1,0,0,0,0,0
20/09/2026,late am,Curtis big field,PIT,T24,10,1,0,0,0,0,0
20/09/2026,late am,Curtis big field,PIT,T24,11,1,0,0,0,0,0
20/09/2026,late am,Curtis big field,PIT,T24,12,1,0,0,0,1,0
20/09/2026,late am,Curtis big field,PIT,T24,13,1,0,0,0,0,0
20/09/2026,late am,Curtis big field,PIT,T24,14,1,0,0,0,0,0
20/09/2026,late am,Curtis big field,PIT,T24,15,1,0,0,0,0,0
20/09/2026,late am,Curtis big field,PIT,T24,16,1,0,0,0,1,0
20/09/2026,late am,Curtis big field,PIT,T24,17,1,0,0,0,1,0
20/09/2026,late am,Curtis big field,PIT,T24,18,1,0,0,0,0,0
20/09/2026,late am,Curtis big field,PIT,T24,19,1,0,0,0,0,0
20/09/2026,late am,Curtis big field,PIT,T24,20,1,0,0,0,0,0
20/09/2026,late am,Curtis big field,Q,Q26,NA,100,5,0,0,25,0
20/09/2026,late am,Curtis big field,PIT,T25,1,1,0,0,0,0,0
20/09/2026,late am,Curtis big field,PIT,T25,2,1,0,0,0,0,0
20/09/2026,late am,Curtis big field,PIT,T25,3,1,0,0,0,1,0
20/09/2026,late am,Curtis big field,PIT,T25,4,1,0,0,0,0,0
20/09/2026,late am,Curtis big field,PIT,T25,5,1,0,0,0,1,0
20/09/2026,late am,Curtis big field,PIT,T25,6,1,0,0,0,1,0
20/09/2026,late am,Curtis big field,PIT,T25,7,1,1,0,0,0,0
20/09/2026,late am,Curtis big field,PIT,T25,8,1,0,0,0,0,0
20/09/2026,late am,Curtis big field,PIT,T25,9,1,0,0,0,0,0
20/09/2026,late am,Curtis big field,PIT,T25,10,1,0,0,0,1,0
20/09/2026,late am,Curtis big field,PIT,T25,11,1,0,0,0,1,0
20/09/2026,late am,Curtis big field,PIT,T25,12,1,0,0,0,1,0
20/09/2026,late am,Curtis big field,PIT,T25,13,1,0,0,0,1,0
20/09/2026,late am,Curtis big field,PIT,T25,14,1,0,0,0,1,0
20/09/2026,late am,Curtis big field,PIT,T25,15,1,1,0,0,0,0
20/09/2026,late am,Curtis big field,PIT,T25,16,1,0,0,0,0,0
20/09/2026,late am,Curtis big field,PIT,T25,17,1,0,0,0,0,0
20/09/2026,late am,Curtis big field,PIT,T25,18,1,0,0,0,1,0
20/09/2026,late am,Curtis big field,PIT,T25,19,1,0,0,0,1,0
20/09/2026,late am,Curtis big field,PIT,T25,20,1,0,0,0,1,0
20/09/2026,late am,Curtis big field,Q,Q27,NA,90,2,0,0,0,4
20/09/2026,late am,Curtis big field,PIT,T26,1,1,0,0,0,0,1
20/09/2026,late am,Curtis big field,PIT,T26,2,1,0,0,0,0,0
20/09/2026,late am,Curtis big field,PIT,T26,3,1,0,0,0,0,0
20/09/2026,late am,Curtis big field,PIT,T26,4,1,0,0,0,0,0
20/09/2026,late am,Curtis big field,PIT,T26,5,1,0,0,0,0,0
20/09/2026,late am,Curtis big field,PIT,T26,6,1,0,0,0,0,0
20/09/2026,late am,Curtis big field,PIT,T26,7,1,0,0,0,0,0
20/09/2026,late am,Curtis big field,PIT,T26,8,1,0,0,0,0,0
20/09/2026,late am,Curtis big field,PIT,T26,9,1,0,0,0,0,0
20/09/2026,late am,Curtis big field,PIT,T26,10,1,1,0,0,0,0
20/09/2026,late am,Curtis big field,PIT,T26,11,1,1,0,0,0,0
20/09/2026,late am,Curtis big field,PIT,T26,12,1,0,0,0,0,0
20/09/2026,late am,Curtis big field,PIT,T26,13,1,1,0,0,0,0
20/09/2026,late am,Curtis big field,PIT,T26,14,1,1,0,0,0,0
20/09/2026,late am,Curtis big field,PIT,T26,15,1,1,0,0,0,0
20/09/2026,late am,Curtis big field,PIT,T26,16,1,1,0,0,0,0
20/09/2026,late am,Curtis big field,PIT,T26,17,1,1,0,0,0,1
20/09/2026,late am,Curtis big field,PIT,T26,18,1,0,0,0,0,1
20/09/2026,late am,Curtis big field,PIT,T26,19,1,0,0,0,0,0
20/09/2026,late am,Curtis big field,PIT,T26,20,1,1,0,0,0,0
20/09/2026,early pm,Curtis big field,Q,Q28,NA,100,40,0,0,0,0
20/09/2026,early pm,Curtis big field,PIT,T27,1,1,0,0,0,0,0
20/09/2026,early pm,Curtis big field,PIT,T27,2,1,1,0,0,0,0
20/09/2026,early pm,Curtis big field,PIT,T27,3,1,0,0,1,0,0
20/09/2026,early pm,Curtis big field,PIT,T27,4,1,0,0,0,0,0
20/09/2026,early pm,Curtis big field,PIT,T27,5,1,0,0,0,0,0
20/09/2026,early pm,Curtis big field,PIT,T27,6,1,0,0,0,0,0
20/09/2026,early pm,Curtis big field,PIT,T27,7,1,0,0,0,0,0
20/09/2026,early pm,Curtis big field,PIT,T27,8,1,0,0,0,0,0
20/09/2026,early pm,Curtis big field,PIT,T27,9,1,0,0,0,0,0
20/09/2026,early pm,Curtis big field,PIT,T27,10,1,0,0,0,0,0
20/09/2026,early pm,Curtis big field,PIT,T27,11,1,0,0,0,0,0
20/09/2026,early pm,Curtis big field,PIT,T27,12,1,0,0,0,0,0
20/09/2026,early pm,Curtis big field,PIT,T27,13,1,0,0,0,0,0
20/09/2026,early pm,Curtis big field,PIT,T27,14,1,0,0,0,0,0
20/09/2026,early pm,Curtis big field,PIT,T27,15,1,0,0,0,0,0
20/09/2026,early pm,Curtis big field,PIT,T27,16,1,0,0,0,0,0
20/09/2026,early pm,Curtis big field,PIT,T27,17,1,0,0,0,0,0
20/09/2026,early pm,Curtis big field,PIT,T27,18,1,0,0,0,0,0
20/09/2026,early pm,Curtis big field,PIT,T27,19,1,0,0,0,0,0
20/09/2026,early pm,Curtis big field,PIT,T27,20,1,0,0,0,0,0
20/09/2026,early pm,Curtis big field,Q,Q29,NA,100,20,0,0,0,0
20/09/2026,early pm,Curtis big field,PIT,T28,1,1,0,0,0,0,0
20/09/2026,early pm,Curtis big field,PIT,T28,2,1,0,0,0,0,0
20/09/2026,early pm,Curtis big field,PIT,T28,3,1,0,0,0,0,0
20/09/2026,early pm,Curtis big field,PIT,T28,4,1,0,0,0,0,0
20/09/2026,early pm,Curtis big field,PIT,T28,5,1,0,0,0,0,0
20/09/2026,early pm,Curtis big field,PIT,T28,6,1,0,0,0,0,0
20/09/2026,early pm,Curtis big field,PIT,T28,7,1,0,0,0,0,0
20/09/2026,early pm,Curtis big field,PIT,T28,8,1,0,0,0,0,0
20/09/2026,early pm,Curtis big field,PIT,T28,9,1,0,0,0,0,0
20/09/2026,early pm,Curtis big field,PIT,T28,10,1,0,0,0,0,0
20/09/2026,early pm,Curtis big field,PIT,T28,11,1,0,0,0,0,0
20/09/2026,early pm,Curtis big field,PIT,T28,12,1,0,0,0,0,0
20/09/2026,early pm,Curtis big field,PIT,T28,13,1,0,0,0,0,0
20/09/2026,early pm,Curtis big field,PIT,T28,14,1,0,0,0,0,0
20/09/2026,early pm,Curtis big field,PIT,T28,15,1,0,0,0,0,0
20/09/2026,early pm,Curtis big field,PIT,T28,16,1,0,0,0,0,0
20/09/2026,early pm,Curtis big field,PIT,T28,17,1,0,0,0,0,0
20/09/2026,early pm,Curtis big field,PIT,T28,18,1,0,0,0,0,0
20/09/2026,early pm,Curtis big field,PIT,T28,19,1,0,0,0,0,0
20/09/2026,early pm,Curtis big field,PIT,T28,20,1,1,0,0,0,0
20/09/2026,early pm,Curtis big field,Q,Q30,NA,100,30,0,0,40,0
20/09/2026,early pm,Curtis big field,PIT,T29,1,1,0,0,0,0,0
20/09/2026,early pm,Curtis big field,PIT,T29,2,1,0,0,0,0,0
20/09/2026,early pm,Curtis big field,PIT,T29,3,1,0,0,0,0,0
20/09/2026,early pm,Curtis big field,PIT,T29,4,1,1,0,0,0,0
20/09/2026,early pm,Curtis big field,PIT,T29,5,1,1,0,0,0,0
20/09/2026,early pm,Curtis big field,PIT,T29,6,1,1,0,0,1,0
20/09/2026,early pm,Curtis big field,PIT,T29,7,1,0,0,0,1,0
20/09/2026,early pm,Curtis big field,PIT,T29,8,1,0,0,0,0,0
20/09/2026,early pm,Curtis big field,PIT,T29,9,1,0,0,0,1,0
20/09/2026,early pm,Curtis big field,PIT,T29,10,1,1,0,0,1,0
20/09/2026,early pm,Curtis big field,PIT,T29,11,1,1,0,0,1,0
20/09/2026,early pm,Curtis big field,PIT,T29,12,1,0,0,0,0,0
20/09/2026,early pm,Curtis big field,PIT,T29,13,1,1,0,0,1,0
20/09/2026,early pm,Curtis big field,PIT,T29,14,1,0,0,0,1,0
20/09/2026,early pm,Curtis big field,PIT,T29,15,1,0,1,0,1,0
20/09/2026,early pm,Curtis big field,PIT,T29,16,1,1,0,0,0,0
20/09/2026,early pm,Curtis big field,PIT,T29,17,1,1,0,0,0,0
20/09/2026,early pm,Curtis big field,PIT,T29,18,1,0,0,0,1,0
20/09/2026,early pm,Curtis big field,PIT,T29,19,1,0,0,0,0,0
20/09/2026,early pm,Curtis big field,PIT,T29,20,1,0,0,0,0,0
20/09/2026,early pm,Curtis big field,Q,Q31,NA,100,5,0,3,8,0
20/09/2026,early pm,Curtis big field,Q,Q32,NA,100,8,0,0,3,0
20/09/2026,early pm,Curtis big field,PIT,T30,1,1,0,0,0,1,0
20/09/2026,early pm,Curtis big field,PIT,T30,2,1,1,0,0,0,0
20/09/2026,early pm,Curtis big field,PIT,T30,3,1,0,0,0,0,0
20/09/2026,early pm,Curtis big field,PIT,T30,4,1,0,0,0,0,0
20/09/2026,early pm,Curtis big field,PIT,T30,5,1,0,0,0,0,0
20/09/2026,early pm,Curtis big field,PIT,T30,6,1,0,0,0,0,0
20/09/2026,early pm,Curtis big field,PIT,T30,7,1,0,0,0,0,0
20/09/2026,early pm,Curtis big field,PIT,T30,8,1,0,0,0,0,0
20/09/2026,early pm,Curtis big field,PIT,T30,9,1,0,0,0,1,0
20/09/2026,early pm,Curtis big field,PIT,T30,10,1,0,0,0,1,0
20/09/2026,early pm,Curtis big field,PIT,T30,11,1,0,0,0,0,0
20/09/2026,early pm,Curtis big field,PIT,T30,12,1,0,0,0,0,0
20/09/2026,early pm,Curtis big field,PIT,T30,13,1,0,0,0,1,0
20/09/2026,early pm,Curtis big field,PIT,T30,14,1,0,0,0,0,0
20/09/2026,early pm,Curtis big field,PIT,T30,15,1,0,0,0,0,0
20/09/2026,early pm,Curtis big field,PIT,T30,16,1,0,0,0,0,0
20/09/2026,early pm,Curtis big field,PIT,T30,17,1,0,0,1,0,0
20/09/2026,early pm,Curtis big field,PIT,T30,18,1,0,0,1,0,0
20/09/2026,early pm,Curtis big field,PIT,T30,19,1,0,0,0,0,0
20/09/2026,early pm,Curtis big field,PIT,T30,20,1,0,0,0,0,0
20/09/2026,late pm,Curtis big field,Q,Q33,NA,95,5,0,0,5,0
20/09/2026,late pm,Curtis big field,PIT,T31,1,1,0,0,0,0,0
20/09/2026,late pm,Curtis big field,PIT,T31,2,1,0,0,0,0,0
20/09/2026,late pm,Curtis big field,PIT,T31,3,1,0,0,0,0,0
20/09/2026,late pm,Curtis big field,PIT,T31,4,1,0,0,0,0,0
20/09/2026,late pm,Curtis big field,PIT,T31,5,1,0,0,0,1,0
20/09/2026,late pm,Curtis big field,PIT,T31,6,1,0,0,0,0,0
20/09/2026,late pm,Curtis big field,PIT,T31,7,1,0,0,0,1,0
20/09/2026,late pm,Curtis big field,PIT,T31,8,1,1,0,0,1,0
20/09/2026,late pm,Curtis big field,PIT,T31,9,1,0,0,0,0,0
20/09/2026,late pm,Curtis big field,PIT,T31,10,1,0,0,0,1,0
20/09/2026,late pm,Curtis big field,PIT,T31,11,1,0,0,0,0,0
20/09/2026,late pm,Curtis big field,PIT,T31,12,1,1,0,0,1,0
20/09/2026,late pm,Curtis big field,PIT,T31,13,1,0,0,0,0,0
20/09/2026,late pm,Curtis big field,PIT,T31,14,1,0,0,0,0,0
20/09/2026,late pm,Curtis big field,PIT,T31,15,1,1,0,0,0,0
20/09/2026,late pm,Curtis big field,PIT,T31,16,1,1,0,0,0,0
20/09/2026,late pm,Curtis big field,PIT,T31,17,1,0,0,0,1,0
20/09/2026,late pm,Curtis big field,PIT,T31,18,1,1,0,0,0,0
20/09/2026,late pm,Curtis big field,PIT,T31,19,1,0,0,0,1,0
20/09/2026,late pm,Curtis big field,PIT,T31,20,1,1,0,0,0,0
20/09/2026,late pm,Curtis big field,Q,Q34,NA,95,20,0,0,2,5
20/09/2026,late pm,Curtis big field,PIT,T32,1,1,0,0,0,0,0
20/09/2026,late pm,Curtis big field,PIT,T32,2,0,0,0,1,1,0
20/09/2026,late pm,Curtis big field,PIT,T32,3,1,0,0,1,0,0
20/09/2026,late pm,Curtis big field,PIT,T32,4,1,0,0,0,0,0
20/09/2026,late pm,Curtis big field,PIT,T32,5,1,0,0,0,0,0
20/09/2026,late pm,Curtis big field,PIT,T32,6,1,0,0,0,1,0
20/09/2026,late pm,Curtis big field,PIT,T32,7,1,0,0,0,0,0
20/09/2026,late pm,Curtis big field,PIT,T32,8,1,0,0,0,0,0
20/09/2026,late pm,Curtis big field,PIT,T32,9,1,0,0,0,0,0
20/09/2026,late pm,Curtis big field,PIT,T32,10,1,0,0,0,0,0
20/09/2026,late pm,Curtis big field,PIT,T32,11,1,0,0,0,1,0
20/09/2026,late pm,Curtis big field,PIT,T32,12,1,0,0,0,1,0
20/09/2026,late pm,Curtis big field,PIT,T32,13,1,0,0,0,1,0
20/09/2026,late pm,Curtis big field,PIT,T32,14,1,0,0,0,1,0
20/09/2026,late pm,Curtis big field,PIT,T32,15,1,0,0,0,1,0
20/09/2026,late pm,Curtis big field,PIT,T32,16,1,1,0,0,1,0
20/09/2026,late pm,Curtis big field,PIT,T32,17,1,0,0,0,1,0
20/09/2026,late pm,Curtis big field,PIT,T32,18,1,1,0,0,1,0
20/09/2026,late pm,Curtis big field,PIT,T32,19,1,1,0,0,1,0
20/09/2026,late pm,Curtis big field,PIT,T32,20,1,1,0,0,1,0
20/09/2026,late pm,Curtis big field,Q,Q35,NA,100,0,0,0,0,0
20/09/2026,late pm,Curtis big field,PIT,T33,1,1,0,0,0,0,0
20/09/2026,late pm,Curtis big field,PIT,T33,2,1,0,0,0,0,0
20/09/2026,late pm,Curtis big field,PIT,T33,3,1,0,0,0,0,0
20/09/2026,late pm,Curtis big field,PIT,T33,4,1,0,0,0,0,0
20/09/2026,late pm,Curtis big field,PIT,T33,5,1,0,0,0,0,0
20/09/2026,late pm,Curtis big field,PIT,T33,6,1,0,0,0,1,0
20/09/2026,late pm,Curtis big field,PIT,T33,7,1,0,0,0,0,0
20/09/2026,late pm,Curtis big field,PIT,T33,8,1,0,0,0,0,0
20/09/2026,late pm,Curtis big field,PIT,T33,9,1,0,0,0,0,0
20/09/2026,late pm,Curtis big field,PIT,T33,10,1,0,0,0,1,0
20/09/2026,late pm,Curtis big field,PIT,T33,11,1,0,0,0,0,0
20/09/2026,late pm,Curtis big field,PIT,T33,12,1,0,0,0,0,0
20/09/2026,late pm,Curtis big field,PIT,T33,13,1,0,0,0,0,0
20/09/2026,late pm,Curtis big field,PIT,T33,14,1,0,0,0,0,0
20/09/2026,late pm,Curtis big field,PIT,T33,15,1,0,0,0,0,0
20/09/2026,late pm,Curtis big field,PIT,T33,16,1,0,0,0,0,0
20/09/2026,late pm,Curtis big field,PIT,T33,17,1,0,0,0,0,0
20/09/2026,late pm,Curtis big field,PIT,T33,18,1,0,0,0,0,0
20/09/2026,late pm,Curtis big field,PIT,T33,19,1,0,0,0,0,0
20/09/2026,late pm,Curtis big field,PIT,T33,20,1,0,0,0,0,0
26/09/2026,early am,Curtis big field,Q,Q36,NA,100,75,0,0,1,5
26/09/2026,early am,Curtis big field,PIT,T34,1,1,1,0,0,0,0
26/09/2026,early am,Curtis big field,PIT,T34,2,1,0,0,0,1,0
26/09/2026,early am,Curtis big field,PIT,T34,3,1,1,0,0,0,0
26/09/2026,early am,Curtis big field,PIT,T34,4,1,0,0,0,0,0
26/09/2026,early am,Curtis big field,PIT,T34,5,1,0,0,0,1,0
26/09/2026,early am,Curtis big field,PIT,T34,6,1,1,0,0,0,0
26/09/2026,early am,Curtis big field,PIT,T34,7,1,0,0,1,0,0
26/09/2026,early am,Curtis big field,PIT,T34,8,1,1,0,0,1,0
26/09/2026,early am,Curtis big field,PIT,T34,9,1,0,0,0,1,0
26/09/2026,early am,Curtis big field,PIT,T34,10,1,0,0,0,0,0
26/09/2026,early am,Curtis big field,PIT,T34,11,1,0,0,0,0,0
26/09/2026,early am,Curtis big field,PIT,T34,12,1,0,0,0,0,0
26/09/2026,early am,Curtis big field,PIT,T34,13,1,0,0,0,1,0
26/09/2026,early am,Curtis big field,PIT,T34,14,1,0,0,0,1,0
26/09/2026,early am,Curtis big field,PIT,T34,15,1,0,0,0,0,0
26/09/2026,early am,Curtis big field,PIT,T34,16,1,0,0,0,1,0
26/09/2026,early am,Curtis big field,PIT,T34,17,1,0,0,0,0,0
26/09/2026,early am,Curtis big field,PIT,T34,18,1,0,0,0,1,0
26/09/2026,early am,Curtis big field,PIT,T34,19,1,0,0,0,0,0
26/09/2026,early am,Curtis big field,PIT,T34,20,1,0,0,0,1,0
26/09/2026,early am,Curtis big field,Q,Q37,NA,80,60,0,0,5,5
26/09/2026,early am,Curtis big field,PIT,T35,1,1,1,0,0,0,0
26/09/2026,early am,Curtis big field,PIT,T35,2,1,1,0,0,0,0
26/09/2026,early am,Curtis big field,PIT,T35,3,1,1,0,0,0,0
26/09/2026,early am,Curtis big field,PIT,T35,4,1,0,0,0,0,1
26/09/2026,early am,Curtis big field,PIT,T35,5,1,0,0,0,0,1
26/09/2026,early am,Curtis big field,PIT,T35,6,1,0,0,0,0,1
26/09/2026,early am,Curtis big field,PIT,T35,7,1,1,0,0,0,0
26/09/2026,early am,Curtis big field,PIT,T35,8,1,1,0,0,0,1
26/09/2026,early am,Curtis big field,PIT,T35,9,1,1,0,0,0,1
26/09/2026,early am,Curtis big field,PIT,T35,10,1,1,0,0,0,1
26/09/2026,early am,Curtis big field,PIT,T35,11,1,1,0,0,0,1
26/09/2026,early am,Curtis big field,PIT,T35,12,1,1,0,0,0,1
26/09/2026,early am,Curtis big field,PIT,T35,13,1,1,0,0,0,1
26/09/2026,early am,Curtis big field,PIT,T35,14,1,0,0,0,0,0
26/09/2026,early am,Curtis big field,PIT,T35,15,1,0,0,0,0,1
26/09/2026,early am,Curtis big field,PIT,T35,16,1,0,0,0,0,1
26/09/2026,early am,Curtis big field,PIT,T35,17,1,0,0,0,0,0
26/09/2026,early am,Curtis big field,PIT,T35,18,1,1,0,0,0,0
26/09/2026,early am,Curtis big field,PIT,T35,19,1,0,0,0,0,1
26/09/2026,early am,Curtis big field,PIT,T35,20,1,1,0,0,0,1
26/09/2026,early am,Curtis big field,Q,Q38,NA,100,0,0,0,40,0
26/09/2026,early am,Curtis big field,PIT,T36,1,1,0,0,0,0,0
26/09/2026,early am,Curtis big field,PIT,T36,2,1,0,0,0,0,0
26/09/2026,early am,Curtis big field,PIT,T36,3,1,0,0,0,0,0
26/09/2026,early am,Curtis big field,PIT,T36,4,1,0,0,0,0,0
26/09/2026,early am,Curtis big field,PIT,T36,5,1,0,0,0,0,0
26/09/2026,early am,Curtis big field,PIT,T36,6,1,0,0,0,0,0
26/09/2026,early am,Curtis big field,PIT,T36,7,1,0,0,0,0,0
26/09/2026,early am,Curtis big field,PIT,T36,8,1,0,0,0,0,0
26/09/2026,early am,Curtis big field,PIT,T36,9,1,0,0,0,0,0
26/09/2026,early am,Curtis big field,PIT,T36,10,1,0,0,0,0,0
26/09/2026,early am,Curtis big field,PIT,T36,11,1,0,0,0,0,0
26/09/2026,early am,Curtis big field,PIT,T36,12,1,0,0,0,0,0
26/09/2026,early am,Curtis big field,PIT,T36,13,1,0,0,0,1,0
26/09/2026,early am,Curtis big field,PIT,T36,14,1,0,0,0,0,0
26/09/2026,early am,Curtis big field,PIT,T36,15,1,0,0,0,0,0
26/09/2026,early am,Curtis big field,PIT,T36,16,1,1,0,0,0,0
26/09/2026,early am,Curtis big field,PIT,T36,17,1,0,0,0,1,0
26/09/2026,early am,Curtis big field,PIT,T36,18,1,0,0,0,0,0
26/09/2026,early am,Curtis big field,PIT,T36,19,1,0,0,0,0,0
26/09/2026,early am,Curtis big field,PIT,T36,20,1,0,0,0,0,0
26/09/2026,early am,Curtis big field,Q,Q39,NA,85,0,0,0,0,0
26/09/2026,early am,Curtis big field,PIT,T37,1,1,0,0,0,0,0
26/09/2026,early am,Curtis big field,PIT,T37,2,1,0,0,0,0,0
26/09/2026,early am,Curtis big field,PIT,T37,3,1,0,0,0,1,0
26/09/2026,early am,Curtis big field,PIT,T37,4,1,0,0,0,1,0
26/09/2026,early am,Curtis big field,PIT,T37,5,1,0,0,0,1,0
26/09/2026,early am,Curtis big field,PIT,T37,6,1,0,0,0,1,0
26/09/2026,early am,Curtis big field,PIT,T37,7,1,0,0,0,0,0
26/09/2026,early am,Curtis big field,PIT,T37,8,1,0,0,0,1,0
26/09/2026,early am,Curtis big field,PIT,T37,9,0,0,0,0,1,0
26/09/2026,early am,Curtis big field,PIT,T37,10,1,0,0,0,1,0
26/09/2026,early am,Curtis big field,PIT,T37,11,1,0,0,0,0,0
26/09/2026,early am,Curtis big field,PIT,T37,12,1,0,0,0,1,0
26/09/2026,early am,Curtis big field,PIT,T37,13,1,0,0,0,0,0
26/09/2026,early am,Curtis big field,PIT,T37,14,1,0,1,0,0,0
26/09/2026,early am,Curtis big field,PIT,T37,15,1,0,0,0,0,0
26/09/2026,early am,Curtis big field,PIT,T37,16,1,0,0,0,0,0
26/09/2026,early am,Curtis big field,PIT,T37,17,1,0,0,0,0,0
26/09/2026,early am,Curtis big field,PIT,T37,18,1,0,0,0,0,0
26/09/2026,early am,Curtis big field,PIT,T37,19,1,0,0,0,0,0
26/09/2026,early am,Curtis big field,PIT,T37,20,1,0,0,0,0,0
26/09/2026,late am,Curtis big field,Q,Q40,NA,99,40,0,0,15,0
26/09/2026,late am,Curtis big field,PIT,T38,1,1,0,0,0,0,0
26/09/2026,late am,Curtis big field,PIT,T38,2,1,0,0,0,1,0
26/09/2026,late am,Curtis big field,PIT,T38,3,1,0,0,0,0,0
26/09/2026,late am,Curtis big field,PIT,T38,4,1,0,0,0,0,0
26/09/2026,late am,Curtis big field,PIT,T38,5,1,1,0,0,1,0
26/09/2026,late am,Curtis big field,PIT,T38,6,1,1,0,0,0,0
26/09/2026,late am,Curtis big field,PIT,T38,7,1,0,0,0,0,0
26/09/2026,late am,Curtis big field,PIT,T38,8,1,1,0,0,0,0
26/09/2026,late am,Curtis big field,PIT,T38,9,1,0,0,0,0,0
26/09/2026,late am,Curtis big field,PIT,T38,10,1,0,0,0,0,0
26/09/2026,late am,Curtis big field,PIT,T38,11,1,0,0,0,0,0
26/09/2026,late am,Curtis big field,PIT,T38,12,1,0,0,0,0,0
26/09/2026,late am,Curtis big field,PIT,T38,13,1,0,0,0,0,0
26/09/2026,late am,Curtis big field,PIT,T38,14,1,0,0,0,0,0
26/09/2026,late am,Curtis big field,PIT,T38,15,1,0,1,0,0,0
26/09/2026,late am,Curtis big field,PIT,T38,16,1,0,0,0,0,0
26/09/2026,late am,Curtis big field,PIT,T38,17,1,0,0,0,0,0
26/09/2026,late am,Curtis big field,PIT,T38,18,1,0,0,0,1,0
26/09/2026,late am,Curtis big field,PIT,T38,19,1,0,0,0,0,0
26/09/2026,late am,Curtis big field,PIT,T38,20,1,0,0,0,0,0
26/09/2026,late am,Curtis big field,Q,Q41,NA,99,7,0,0,5,3
26/09/2026,late am,Curtis big field,PIT,T39,1,1,0,0,0,0,0
26/09/2026,late am,Curtis big field,PIT,T39,2,1,0,0,0,0,0
26/09/2026,late am,Curtis big field,PIT,T39,3,1,0,0,0,0,1
26/09/2026,late am,Curtis big field,PIT,T39,4,1,0,0,0,0,0
26/09/2026,late am,Curtis big field,PIT,T39,5,1,1,0,0,0,0
26/09/2026,late am,Curtis big field,PIT,T39,6,1,0,0,0,0,0
26/09/2026,late am,Curtis big field,PIT,T39,7,1,0,0,0,0,0
26/09/2026,late am,Curtis big field,PIT,T39,8,1,0,0,0,1,0
26/09/2026,late am,Curtis big field,PIT,T39,9,1,0,0,0,0,1
26/09/2026,late am,Curtis big field,PIT,T39,10,1,0,0,0,0,1
26/09/2026,late am,Curtis big field,PIT,T39,11,1,0,0,0,0,1
26/09/2026,late am,Curtis big field,PIT,T39,12,1,0,0,0,1,0
26/09/2026,late am,Curtis big field,PIT,T39,13,1,0,0,0,0,0
26/09/2026,late am,Curtis big field,PIT,T39,14,1,1,0,0,0,0
26/09/2026,late am,Curtis big field,PIT,T39,15,1,1,0,0,0,0
26/09/2026,late am,Curtis big field,PIT,T39,16,1,1,0,0,0,0
26/09/2026,late am,Curtis big field,PIT,T39,17,1,0,0,0,0,1
26/09/2026,late am,Curtis big field,PIT,T39,18,1,0,0,0,0,1
26/09/2026,late am,Curtis big field,PIT,T39,19,1,0,0,0,0,0
26/09/2026,late am,Curtis big field,PIT,T39,20,1,0,0,0,0,0
26/09/2026,late am,Curtis big field,Q,Q42,NA,100,0,5,0,13,0
26/09/2026,late am,Curtis big field,Q,Q43,NA,98,0,0,0,15,0
26/09/2026,late am,Curtis big field,PIT,T40,1,1,0,0,0,0,0
26/09/2026,late am,Curtis big field,PIT,T40,2,1,0,1,0,1,0
26/09/2026,late am,Curtis big field,PIT,T40,3,1,0,1,0,0,0
26/09/2026,late am,Curtis big field,PIT,T40,4,1,0,0,0,1,0
26/09/2026,late am,Curtis big field,PIT,T40,5,1,0,0,0,0,0
26/09/2026,late am,Curtis big field,PIT,T40,6,1,1,0,0,0,0
26/09/2026,late am,Curtis big field,PIT,T40,7,1,1,0,0,0,0
26/09/2026,late am,Curtis big field,PIT,T40,8,1,0,0,0,1,0
26/09/2026,late am,Curtis big field,PIT,T40,9,1,0,0,0,0,0
26/09/2026,late am,Curtis big field,PIT,T40,10,1,0,0,0,1,0
26/09/2026,late am,Curtis big field,PIT,T40,11,1,0,0,0,1,0
26/09/2026,late am,Curtis big field,PIT,T40,12,1,0,0,0,0,0
26/09/2026,late am,Curtis big field,PIT,T40,13,1,1,0,0,0,0
26/09/2026,late am,Curtis big field,PIT,T40,14,1,0,0,0,0,0
26/09/2026,late am,Curtis big field,PIT,T40,15,1,0,0,0,0,0
26/09/2026,late am,Curtis big field,PIT,T40,16,1,0,0,0,0,0
26/09/2026,late am,Curtis big field,PIT,T40,17,1,0,0,0,0,0
26/09/2026,late am,Curtis big field,PIT,T40,18,1,0,0,0,0,0
26/09/2026,late am,Curtis big field,PIT,T40,19,1,0,0,0,1,0
26/09/2026,late am,Curtis big field,PIT,T40,20,1,1,0,0,0,0
26/09/2026,late am,Curtis big field,PIT,T41,1,1,0,0,0,0,0
26/09/2026,late am,Curtis big field,PIT,T41,2,1,0,0,0,0,0
26/09/2026,late am,Curtis big field,PIT,T41,3,1,0,0,0,1,0
26/09/2026,late am,Curtis big field,PIT,T41,4,1,0,0,0,0,0
26/09/2026,late am,Curtis big field,PIT,T41,5,1,0,0,0,1,0
26/09/2026,late am,Curtis big field,PIT,T41,6,1,0,0,0,0,0
26/09/2026,late am,Curtis big field,PIT,T41,7,1,0,0,0,0,0
26/09/2026,late am,Curtis big field,PIT,T41,8,1,0,0,0,0,0
26/09/2026,late am,Curtis big field,PIT,T41,9,1,0,0,0,1,1
26/09/2026,late am,Curtis big field,PIT,T41,10,1,1,0,0,1,0
26/09/2026,late am,Curtis big field,PIT,T41,11,1,0,0,0,0,0
26/09/2026,late am,Curtis big field,PIT,T41,12,1,0,0,0,0,0
26/09/2026,late am,Curtis big field,PIT,T41,13,1,0,0,0,1,0
26/09/2026,late am,Curtis big field,PIT,T41,14,1,1,0,0,0,0
26/09/2026,late am,Curtis big field,PIT,T41,15,1,0,0,0,1,0
26/09/2026,late am,Curtis big field,PIT,T41,16,1,1,0,0,0,0
26/09/2026,late am,Curtis big field,PIT,T41,17,1,0,0,0,0,0
26/09/2026,late am,Curtis big field,PIT,T41,18,1,0,0,0,1,0
26/09/2026,late am,Curtis big field,PIT,T41,19,1,0,0,0,0,0
26/09/2026,late am,Curtis big field,PIT,T41,20,1,1,0,0,0,0
26/09/2026,late am,Curtis big field,Q,Q44,NA,100,23,0,0,15,0
26/09/2026,late am,Curtis big field,PIT,T42,1,1,0,0,0,1,0
26/09/2026,late am,Curtis big field,PIT,T42,2,1,0,0,0,1,0
26/09/2026,late am,Curtis big field,PIT,T42,3,1,1,0,0,1,0
26/09/2026,late am,Curtis big field,PIT,T42,4,1,0,0,0,0,0
26/09/2026,late am,Curtis big field,PIT,T42,5,1,0,0,0,0,0
26/09/2026,late am,Curtis big field,PIT,T42,6,1,0,0,0,0,0
26/09/2026,late am,Curtis big field,PIT,T42,7,1,0,0,0,0,0
26/09/2026,late am,Curtis big field,PIT,T42,8,1,0,0,0,0,0
26/09/2026,late am,Curtis big field,PIT,T42,9,1,0,0,0,0,0
26/09/2026,late am,Curtis big field,PIT,T42,10,1,0,0,0,0,0
26/09/2026,late am,Curtis big field,PIT,T42,11,1,0,0,0,1,0
26/09/2026,late am,Curtis big field,PIT,T42,12,1,0,0,0,0,0
26/09/2026,late am,Curtis big field,PIT,T42,13,1,0,0,0,1,0
26/09/2026,late am,Curtis big field,PIT,T42,14,1,0,0,0,0,0
26/09/2026,late am,Curtis big field,PIT,T42,15,1,0,0,0,0,0
26/09/2026,late am,Curtis big field,PIT,T42,16,1,0,0,0,0,0
26/09/2026,late am,Curtis big field,PIT,T42,17,1,0,0,0,0,0
26/09/2026,late am,Curtis big field,PIT,T42,18,1,0,0,0,0,0
26/09/2026,late am,Curtis big field,PIT,T42,19,1,0,0,0,0,0
26/09/2026,late am,Curtis big field,PIT,T42,20,1,1,0,0,0,0
26/09/2026,early pm,Curtis big field,Q,Q45,NA,95,70,0,0,30,0
26/09/2026,early pm,Curtis big field,PIT,T43,1,1,0,0,0,1,0
26/09/2026,early pm,Curtis big field,PIT,T43,2,1,1,0,0,0,0
26/09/2026,early pm,Curtis big field,PIT,T43,3,0,0,0,0,0,0
26/09/2026,early pm,Curtis big field,PIT,T43,4,1,0,0,0,0,0
26/09/2026,early pm,Curtis big field,PIT,T43,5,1,0,0,0,0,0
26/09/2026,early pm,Curtis big field,PIT,T43,6,1,1,0,0,0,0
26/09/2026,early pm,Curtis big field,PIT,T43,7,1,0,0,0,0,0
26/09/2026,early pm,Curtis big field,PIT,T43,8,1,0,0,0,0,0
26/09/2026,early pm,Curtis big field,PIT,T43,9,1,1,0,0,0,0
26/09/2026,early pm,Curtis big field,PIT,T43,10,1,0,0,0,1,0
26/09/2026,early pm,Curtis big field,PIT,T43,11,1,0,0,0,0,0
26/09/2026,early pm,Curtis big field,PIT,T43,12,1,0,0,0,0,0
26/09/2026,early pm,Curtis big field,PIT,T43,13,1,0,0,0,0,0
26/09/2026,early pm,Curtis big field,PIT,T43,14,1,1,0,0,1,0
26/09/2026,early pm,Curtis big field,PIT,T43,15,1,0,0,0,0,0
26/09/2026,early pm,Curtis big field,PIT,T43,16,1,0,0,0,0,0
26/09/2026,early pm,Curtis big field,PIT,T43,17,1,1,0,0,0,0
26/09/2026,early pm,Curtis big field,PIT,T43,18,1,1,0,0,1,0
26/09/2026,early pm,Curtis big field,PIT,T43,19,1,0,0,0,0,0
26/09/2026,early pm,Curtis big field,PIT,T43,20,1,0,1,0,1,0
26/09/2026,early pm,Curtis big field,Q,Q46,NA,95,5,0,0,5,0
26/09/2026,early pm,Curtis big field,PIT,T44,1,1,0,0,0,1,0
26/09/2026,early pm,Curtis big field,PIT,T44,2,1,0,0,0,1,0
26/09/2026,early pm,Curtis big field,PIT,T44,3,1,0,0,0,1,0
26/09/2026,early pm,Curtis big field,PIT,T44,4,1,0,0,0,1,0
26/09/2026,early pm,Curtis big field,PIT,T44,5,1,0,0,0,0,0
26/09/2026,early pm,Curtis big field,PIT,T44,6,1,0,0,0,0,0
26/09/2026,early pm,Curtis big field,PIT,T44,7,1,0,0,0,0,0
26/09/2026,early pm,Curtis big field,PIT,T44,8,1,0,0,0,0,0
26/09/2026,early pm,Curtis big field,PIT,T44,9,1,0,0,0,0,0
26/09/2026,early pm,Curtis big field,PIT,T44,10,1,0,0,0,0,0
26/09/2026,early pm,Curtis big field,PIT,T44,11,1,0,0,0,0,0
26/09/2026,early pm,Curtis big field,PIT,T44,12,1,0,0,0,0,0
26/09/2026,early pm,Curtis big field,PIT,T44,13,1,0,0,0,0,0
26/09/2026,early pm,Curtis big field,PIT,T44,14,1,0,0,0,0,0
26/09/2026,early pm,Curtis big field,PIT,T44,15,1,0,0,0,1,0
26/09/2026,early pm,Curtis big field,PIT,T44,16,1,0,0,0,0,0
26/09/2026,early pm,Curtis big field,PIT,T44,17,1,0,0,0,0,0
26/09/2026,early pm,Curtis big field,PIT,T44,18,1,0,0,0,0,0
26/09/2026,early pm,Curtis big field,PIT,T44,19,1,0,0,0,0,0
26/09/2026,early pm,Curtis big field,PIT,T44,20,1,0,0,0,0,0
26/09/2026,early pm,Curtis big field,Q,Q47,NA,90,0,4,0,0,0
26/09/2026,early pm,Curtis big field,PIT,T45,1,1,0,0,0,0,0
26/09/2026,early pm,Curtis big field,PIT,T45,2,1,0,0,0,1,0
26/09/2026,early pm,Curtis big field,PIT,T45,3,1,0,0,0,0,0
26/09/2026,early pm,Curtis big field,PIT,T45,4,1,0,1,0,0,0
26/09/2026,early pm,Curtis big field,PIT,T45,5,1,0,0,0,0,0
26/09/2026,early pm,Curtis big field,PIT,T45,6,1,0,0,0,1,0
26/09/2026,early pm,Curtis big field,PIT,T45,7,1,0,0,0,1,0
26/09/2026,early pm,Curtis big field,PIT,T45,8,1,0,0,0,0,0
26/09/2026,early pm,Curtis big field,PIT,T45,9,1,0,0,0,0,0
26/09/2026,early pm,Curtis big field,PIT,T45,10,1,0,0,0,1,0
26/09/2026,early pm,Curtis big field,PIT,T45,11,1,0,0,0,0,0
26/09/2026,early pm,Curtis big field,PIT,T45,12,1,0,0,0,0,0
26/09/2026,early pm,Curtis big field,PIT,T45,13,1,1,0,0,0,0
26/09/2026,early pm,Curtis big field,PIT,T45,14,1,0,0,0,1,0
26/09/2026,early pm,Curtis big field,PIT,T45,15,1,0,0,0,0,0
26/09/2026,early pm,Curtis big field,PIT,T45,16,1,0,0,0,0,0
26/09/2026,early pm,Curtis big field,PIT,T45,17,1,0,0,0,0,0
26/09/2026,early pm,Curtis big field,PIT,T45,18,1,0,0,0,0,0
26/09/2026,early pm,Curtis big field,PIT,T45,19,1,0,0,0,1,0
26/09/2026,early pm,Curtis big field,PIT,T45,20,1,0,0,0,1,0
26/09/2026,early pm,Curtis big field,Q,Q49,NA,100,0,2,0,0,0
26/09/2026,early pm,Curtis big field,PIT,T47,1,1,0,0,0,0,0
26/09/2026,early pm,Curtis big field,PIT,T47,2,1,0,0,0,0,0
26/09/2026,early pm,Curtis big field,PIT,T47,3,1,0,0,0,0,0
26/09/2026,early pm,Curtis big field,PIT,T47,4,1,0,0,0,0,0
26/09/2026,early pm,Curtis big field,PIT,T47,5,1,0,0,0,1,0
26/09/2026,early pm,Curtis big field,PIT,T47,6,1,0,0,0,1,0
26/09/2026,early pm,Curtis big field,PIT,T47,7,1,0,0,0,0,0
26/09/2026,early pm,Curtis big field,PIT,T47,8,1,0,0,0,0,0
26/09/2026,early pm,Curtis big field,PIT,T47,9,1,0,0,0,0,0
26/09/2026,early pm,Curtis big field,PIT,T47,10,1,0,0,0,0,0
26/09/2026,early pm,Curtis big field,PIT,T47,11,1,0,0,0,0,0
26/09/2026,early pm,Curtis big field,PIT,T47,12,1,0,0,0,0,0
26/09/2026,early pm,Curtis big field,PIT,T47,13,1,0,0,0,0,0
26/09/2026,early pm,Curtis big field,PIT,T47,14,1,0,0,0,0,0
26/09/2026,early pm,Curtis big field,PIT,T47,15,1,0,0,0,0,0
26/09/2026,early pm,Curtis big field,PIT,T47,16,1,0,0,0,0,0
26/09/2026,early pm,Curtis big field,PIT,T47,17,1,0,0,0,0,0
26/09/2026,early pm,Curtis big field,PIT,T47,18,1,0,0,0,0,0
26/09/2026,early pm,Curtis big field,PIT,T47,19,1,0,0,0,0,0
26/09/2026,early pm,Curtis big field,PIT,T47,20,1,0,0,0,0,0
26/09/2026,late pm,Curtis big field,Q,Q50,NA,100,50,0,0,2,0
26/09/2026,late pm,Curtis big field,PIT,T48,1,1,0,0,0,0,0
26/09/2026,late pm,Curtis big field,PIT,T48,2,1,1,0,0,0,0
26/09/2026,late pm,Curtis big field,PIT,T48,3,1,0,0,0,1,0
26/09/2026,late pm,Curtis big field,PIT,T48,4,1,1,0,0,0,0
26/09/2026,late pm,Curtis big field,PIT,T48,5,1,0,0,0,0,1
26/09/2026,late pm,Curtis big field,PIT,T48,6,1,0,0,0,0,0
26/09/2026,late pm,Curtis big field,PIT,T48,7,1,1,0,0,0,1
26/09/2026,late pm,Curtis big field,PIT,T48,8,1,1,0,0,0,1
26/09/2026,late pm,Curtis big field,PIT,T48,9,1,1,0,0,0,0
26/09/2026,late pm,Curtis big field,PIT,T48,10,1,0,0,0,0,0
26/09/2026,late pm,Curtis big field,PIT,T48,11,1,0,0,0,0,1
26/09/2026,late pm,Curtis big field,PIT,T48,12,1,0,0,0,0,0
26/09/2026,late pm,Curtis big field,PIT,T48,13,1,0,0,0,0,0
26/09/2026,late pm,Curtis big field,PIT,T48,14,1,0,0,0,0,0
26/09/2026,late pm,Curtis big field,PIT,T48,15,1,0,0,0,0,0
26/09/2026,late pm,Curtis big field,PIT,T48,16,1,0,0,0,0,0
26/09/2026,late pm,Curtis big field,PIT,T48,17,1,0,0,0,0,0
26/09/2026,late pm,Curtis big field,PIT,T48,18,1,0,0,0,0,0
26/09/2026,late pm,Curtis big field,PIT,T48,19,1,0,0,0,0,0
26/09/2026,late pm,Curtis big field,PIT,T48,20,1,0,0,0,0,1
26/09/2026,late pm,Curtis big field,Q,Q51,NA,95,5,0,0,20,0
26/09/2026,late pm,Curtis big field,PIT,T49,1,1,0,0,0,1,0
26/09/2026,late pm,Curtis big field,PIT,T49,2,1,0,0,0,1,0
26/09/2026,late pm,Curtis big field,PIT,T49,3,1,0,0,0,0,0
26/09/2026,late pm,Curtis big field,PIT,T49,4,1,0,0,0,0,0
26/09/2026,late pm,Curtis big field,PIT,T49,5,1,0,0,0,1,0
26/09/2026,late pm,Curtis big field,PIT,T49,6,1,0,0,0,1,0
26/09/2026,late pm,Curtis big field,PIT,T49,7,1,0,0,0,1,0
26/09/2026,late pm,Curtis big field,PIT,T49,8,1,0,0,0,0,0
26/09/2026,late pm,Curtis big field,PIT,T49,9,1,0,0,0,1,0
26/09/2026,late pm,Curtis big field,PIT,T49,10,1,0,0,0,0,0
26/09/2026,late pm,Curtis big field,PIT,T49,11,1,0,0,0,1,0
26/09/2026,late pm,Curtis big field,PIT,T49,12,1,0,0,0,0,0
26/09/2026,late pm,Curtis big field,PIT,T49,13,1,0,0,0,0,0
26/09/2026,late pm,Curtis big field,PIT,T49,14,1,0,0,0,1,0
26/09/2026,late pm,Curtis big field,PIT,T49,15,1,0,0,0,0,0
26/09/2026,late pm,Curtis big field,PIT,T49,16,1,0,0,0,0,0
26/09/2026,late pm,Curtis big field,PIT,T49,17,1,0,0,0,0,0
26/09/2026,late pm,Curtis big field,PIT,T49,18,1,0,0,0,0,0
26/09/2026,late pm,Curtis big field,PIT,T49,19,1,0,0,0,1,0
26/09/2026,late pm,Curtis big field,PIT,T49,20,1,0,0,0,0,0
26/09/2026,late pm,Curtis big field,Q,Q52,NA,100,0,0,0,30,0
26/09/2026,late pm,Curtis big field,PIT,T50,1,1,0,0,0,1,0
26/09/2026,late pm,Curtis big field,PIT,T50,2,1,0,0,0,1,0
26/09/2026,late pm,Curtis big field,PIT,T50,3,1,0,0,0,1,0
26/09/2026,late pm,Curtis big field,PIT,T50,4,1,0,0,0,1,0
26/09/2026,late pm,Curtis big field,PIT,T50,5,1,0,0,0,0,0
26/09/2026,late pm,Curtis big field,PIT,T50,6,1,0,0,0,0,0
26/09/2026,late pm,Curtis big field,PIT,T50,7,1,0,0,0,0,0
26/09/2026,late pm,Curtis big field,PIT,T50,8,1,0,0,0,0,0
26/09/2026,late pm,Curtis big field,PIT,T50,9,1,0,0,0,0,0
26/09/2026,late pm,Curtis big field,PIT,T50,10,1,0,0,0,0,0
26/09/2026,late pm,Curtis big field,PIT,T50,11,1,0,0,0,0,0
26/09/2026,late pm,Curtis big field,PIT,T50,12,1,0,0,0,0,0
26/09/2026,late pm,Curtis big field,PIT,T50,13,1,0,0,0,0,0
26/09/2026,late pm,Curtis big field,PIT,T50,14,1,0,0,0,0,0
26/09/2026,late pm,Curtis big field,PIT,T50,15,1,0,0,0,0,0
26/09/2026,late pm,Curtis big field,PIT,T50,16,1,0,0,0,0,0
26/09/2026,late pm,Curtis big field,PIT,T50,17,1,0,0,0,0,0
26/09/2026,late pm,Curtis big field,PIT,T50,18,1,0,0,0,0,0
26/09/2026,late pm,Curtis big field,PIT,T50,19,1,0,0,0,0,0
26/09/2026,late pm,Curtis big field,PIT,T50,20,1,0,0,0,0,0
26/09/2026,late pm,Curtis big field,Q,Q53,NA,100,5,0,0,10,0
26/09/2026,late pm,Curtis big field,PIT,T51,1,1,0,0,0,0,0
26/09/2026,late pm,Curtis big field,PIT,T51,2,1,0,0,0,0,0
26/09/2026,late pm,Curtis big field,PIT,T51,3,1,0,0,0,0,0
26/09/2026,late pm,Curtis big field,PIT,T51,4,1,1,0,0,0,0
26/09/2026,late pm,Curtis big field,PIT,T51,5,1,0,0,0,0,0
26/09/2026,late pm,Curtis big field,PIT,T51,6,1,1,0,0,0,0
26/09/2026,late pm,Curtis big field,PIT,T51,7,1,0,0,0,0,1
26/09/2026,late pm,Curtis big field,PIT,T51,8,1,0,0,0,0,1
26/09/2026,late pm,Curtis big field,PIT,T51,9,1,0,0,0,0,0
26/09/2026,late pm,Curtis big field,PIT,T51,10,1,0,0,0,1,0
26/09/2026,late pm,Curtis big field,PIT,T51,11,1,0,0,0,0,0
26/09/2026,late pm,Curtis big field,PIT,T51,12,1,0,0,0,0,0
26/09/2026,late pm,Curtis big field,PIT,T51,13,1,0,0,0,1,0
26/09/2026,late pm,Curtis big field,PIT,T51,14,1,0,0,0,0,0
26/09/2026,late pm,Curtis big field,PIT,T51,15,1,0,0,0,0,0
26/09/2026,late pm,Curtis big field,PIT,T51,16,1,0,0,0,0,0
26/09/2026,late pm,Curtis big field,PIT,T51,17,1,0,0,0,1,0
26/09/2026,late pm,Curtis big field,PIT,T51,18,1,0,0,0,0,0
26/09/2026,late pm,Curtis big field,PIT,T51,19,1,0,0,0,0,0
26/09/2026,late pm,Curtis big field,PIT,T51,20,1,0,0,0,0,0
